{
  "arquivo": "mm1_epidemy.caso3.finita.2023-11-17_20-39-31.json",
  "num_sims": 100,
  "tx_chegada": 1.05,
  "tx_saida": 1,
  "max_iter": 1000000,
  "caso": "caso3",
  "terminam": {
    "dist_grau_saida": [
      0.8507462686567164,
      0.05970149253731343,
      0.06716417910447761,
      0.022388059701492536
    ],
    "grau_medio_saida_raiz": 0.10101010101010101,
    "grau_de_saida_maximo": 0.10101010101010101,
    "altura_media": 2.1616161616161618,
    "altura_media_nos": 1.3432835820895523,
    "media_duracao_periodo_ocupado": 0.5555555555555556,
    "media_clientes_atendidos": 1.3535353535353536,
    "media_infectados_por_geracao": [
      1.0,
      0.10101010101010101,
      0.0707070707070707,
      0.020202020202020204,
      0.010101010101010102,
      0.010101010101010102,
      0.030303030303030304,
      0.030303030303030304,
      0.050505050505050504,
      0.030303030303030304,
      0.0
    ]
  },
  "todas": {
    "dist_grau_saida": [
      0.48739944898504517,
      0.25024341100985625,
      0.12858858471471002,
      0.06533243647510144,
      0.03339721912519465,
      0.017287556706318857,
      0.00872901059951287,
      0.004412112500422322,
      0.0021976098113833426,
      0.001202465745851263,
      0.000560536394937051,
      0.0003225003916076184,
      0.00015357161505124685,
      8.139295597716083e-05,
      4.6071484515374056e-05,
      1.996430995666209e-05,
      1.3821445354612216e-05,
      7.678580752562343e-06,
      3.0714323010249368e-06,
      0.0,
      0.0,
      1.5357161505124684e-06
    ],
    "grau_medio_saida_raiz": 0.12,
    "grau_de_saida_maximo": 0.31,
    "altura_media": 3.76,
    "altura_media_nos": 140.61975506426523,
    "media_duracao_periodo_ocupado": 10000.55,
    "media_clientes_atendidos": 6383.9,
    "media_infectados_por_geracao": [
      1.0,
      0.12,
      0.11,
      0.18,
      0.13,
      0.21,
      0.19,
      0.2,
      0.21,
      0.19,
      0.17,
      0.18,
      0.26,
      0.22,
      0.18,
      0.21,
      0.32,
      0.41,
      0.25,
      0.23,
      0.3,
      0.31,
      0.44,
      0.44,
      0.35,
      0.4,
      0.63,
      0.57,
      0.5,
      0.58,
      0.88,
      1.12,
      1.06,
      1.09,
      0.9,
      0.91,
      0.81,
      0.86,
      0.98,
      1.16,
      1.33,
      1.43,
      1.4,
      1.63,
      2.08,
      2.05,
      2.2,
      2.32,
      2.18,
      2.22,
      2.5,
      2.81,
      2.78,
      3.08,
      3.17,
      3.13,
      3.04,
      3.19,
      3.29,
      3.5,
      3.5,
      3.93,
      4.16,
      4.8,
      5.16,
      5.22,
      4.77,
      5.12,
      5.8,
      6.14,
      5.98,
      6.06,
      6.2,
      6.77,
      6.72,
      6.74,
      6.85,
      7.08,
      7.67,
      8.46,
      8.64,
      8.64,
      8.88,
      9.02,
      9.38,
      9.72,
      10.42,
      10.44,
      10.83,
      11.24,
      11.91,
      12.59,
      12.86,
      13.1,
      13.49,
      13.92,
      14.54,
      15.72,
      15.49,
      16.24,
      17.99,
      18.76,
      20.87,
      22.61,
      24.0,
      25.0,
      26.53,
      28.12,
      30.8,
      31.4,
      32.41,
      32.79,
      35.7,
      35.44,
      36.62,
      37.58,
      39.75,
      40.96,
      42.07,
      43.99,
      44.74,
      46.76,
      49.89,
      52.19,
      55.52,
      59.03,
      60.73,
      62.89,
      64.67,
      68.76,
      72.87,
      75.86,
      77.91,
      84.65,
      87.65,
      92.56,
      94.57,
      98.46,
      102.24,
      107.24,
      112.23,
      116.15,
      119.41,
      126.1,
      132.45,
      139.76,
      145.43,
      149.91,
      159.18,
      164.93,
      173.8,
      183.86,
      193.09,
      204.71,
      217.54,
      227.38,
      239.1,
      246.68,
      258.28,
      276.84,
      291.7,
      308.4
    ]
  }
}