{
  "arquivo": "mm1_epidemy.caso2.infinita.2023-11-17_20-38-47.json",
  "num_sims": 20,
  "tx_chegada": 2,
  "tx_saida": 4,
  "max_iter": 1000000,
  "caso": "caso2",
  "terminam": {
    "dist_grau_saida": [
      0.6666427413043887,
      0.2222007196000944,
      0.07410085702729823,
      0.02470392942554087,
      0.008236050516098598,
      0.002743004548280131,
      0.0009128782063656515,
      0.00030579864732569427,
      0.0001029439640960449,
      3.4374634118842884e-05,
      1.1027644821075788e-05,
      3.7401452714837464e-06,
      1.2788469227238239e-06,
      4.5627201765523367e-07,
      1.4780642825451232e-07,
      2.5705465783393446e-08,
      1.9279099337545083e-08,
      6.426366445848362e-09
    ],
    "grau_medio_saida_raiz": 0.2,
    "grau_de_saida_maximo": 14.35,
    "altura_media": 2.25,
    "altura_media_nos": 3.2460713133146473,
    "media_duracao_periodo_ocupado": 9077778.1,
    "media_clientes_atendidos": 1.4,
    "media_infectados_por_geracao": [
      1.0,
      0.2,
      0.15,
      0.05,
      0.0
    ]
  },
  "todas": {
    "dist_grau_saida": [
      0.6666427413043887,
      0.2222007196000944,
      0.07410085702729823,
      0.02470392942554087,
      0.008236050516098598,
      0.002743004548280131,
      0.0009128782063656515,
      0.00030579864732569427,
      0.0001029439640960449,
      3.4374634118842884e-05,
      1.1027644821075788e-05,
      3.7401452714837464e-06,
      1.2788469227238239e-06,
      4.5627201765523367e-07,
      1.4780642825451232e-07,
      2.5705465783393446e-08,
      1.9279099337545083e-08,
      6.426366445848362e-09
    ],
    "grau_medio_saida_raiz": 0.2,
    "grau_de_saida_maximo": 14.35,
    "altura_media": 2.25,
    "altura_media_nos": 3.2460713133146473,
    "media_duracao_periodo_ocupado": 9077778.1,
    "media_clientes_atendidos": 1.4,
    "media_infectados_por_geracao": [
      1.0,
      0.2,
      0.15,
      0.05,
      0.0
    ]
  }
}