{
  "arquivo": "mm1_epidemy.caso1.2023-11-17_17-50-53.json",
  "num_sims": 10,
  "tx_chegada": 2,
  "tx_saida": 1,
  "max_iter": 1000000,
  "caso": "caso1",
  "terminam": {
    "dist_grau_saida": [
      0.333349069298789,
      0.2221697515157444,
      0.1481829214800262,
      0.09876037772319075,
      0.065834113424846,
      0.043914140892937305,
      0.029236997102249418,
      0.019526535333998174,
      0.013005266539780711,
      0.008658582955359746,
      0.00578686544531301,
      0.003859610158891664,
      0.0025744515166982117,
      0.0017106278090941213,
      0.0011434824882156278,
      0.0007638571308786619,
      0.0005088463495038234,
      0.00033717077883050185,
      0.00022624953577765166,
      0.000149535392559471,
      0.00010148805815979255,
      6.616870293172579e-05,
      4.4448243834251576e-05,
      3.020927620368515e-05,
      2.0198977663110075e-05,
      1.2832908925705778e-05,
      8.46783115539212e-06,
      5.61374184403319e-06,
      4.134232311306685e-06,
      2.4763421966202484e-06,
      1.7418339179617001e-06,
      1.4690165573170964e-06,
      7.030293524303248e-07,
      5.351417458797995e-07,
      3.4626818851045846e-07,
      2.938033114634193e-07,
      1.678876065505253e-07,
      1.0492975409407832e-07,
      4.1971901637631327e-08,
      4.1971901637631327e-08,
      4.1971901637631327e-08,
      0.0,
      0.0,
      1.0492975409407832e-08,
      0.0,
      0.0,
      0.0,
      1.0492975409407832e-08
    ],
    "grau_medio_saida_raiz": 0.4,
    "grau_de_saida_maximo": 41.8,
    "altura_media": 2.2,
    "altura_media_nos": 3.198277260971691,
    "media_duracao_periodo_ocupado": 44477231.0,
    "media_clientes_atendidos": 1.4,
    "media_infectados_por_geracao": [
      1.0,
      0.4,
      0.0
    ]
  },
  "todas": {
    "dist_grau_saida": [
      0.33334934377535796,
      0.2221694006690655,
      0.14816826869805416,
      0.09877020201700351,
      0.06585860552000133,
      0.04389100369268346,
      0.02925509289068734,
      0.01951639597063056,
      0.013011060286293718,
      0.008667186831720292,
      0.005782248482757471,
      0.003851882153945819,
      0.0025722801163181124,
      0.0017091930828142207,
      0.0011413050342017046,
      0.0007610749928981803,
      0.000510280940056143,
      0.00033729668943809115,
      0.0002261503404051398,
      0.00014898172668985588,
      0.0001020067849621975,
      6.622636391924626e-05,
      4.4567856998270636e-05,
      2.97837317935377e-05,
      2.0123859014903098e-05,
      1.3165387002437258e-05,
      8.792691598833346e-06,
      5.933621527246173e-06,
      3.962755209516045e-06,
      2.6173104699456103e-06,
      1.718595429060672e-06,
      1.4032568182238514e-06,
      7.778352400641574e-07,
      5.72865143020224e-07,
      3.416168284065556e-07,
      2.890603932670855e-07,
      1.7343623596025129e-07,
      1.156241573068342e-07,
      6.30677221673641e-08,
      4.730079162552308e-08,
      3.153386108368205e-08,
      1.0511287027894019e-08,
      5.255643513947009e-09,
      5.255643513947009e-09,
      0.0,
      0.0,
      0.0,
      5.255643513947009e-09,
      0.0,
      0.0,
      0.0,
      5.255643513947009e-09
    ],
    "grau_medio_saida_raiz": 3.4,
    "grau_de_saida_maximo": 42.1,
    "altura_media": 13.2,
    "altura_media_nos": 13.439626444442833,
    "media_duracao_periodo_ocupado": 44398567.9,
    "media_clientes_atendidos": 7037742.1,
    "media_infectados_por_geracao": [
      1.0,
      3.4,
      6.6,
      9.5,
      19.3,
      41.4,
      84.0,
      161.0,
      320.8,
      621.4,
      1274.4,
      2561.1,
      5081.4,
      10154.4,
      20291.7,
      40481.8,
      80898.7,
      161829.1,
      323303.8,
      646609.0,
      1292827.7,
      2585126.8,
      877279.0,
      1754200.3,
      3509544.2,
      920802.7,
      1841646.1
    ]
  }
}