{
  "arquivo": "mm1_epidemy.caso1.2023-11-16_18-29-46.json",
  "num_sims": 20,
  "tx_chegada": 2,
  "tx_saida": 1,
  "max_iter": 1000000,
  "caso": "caso1",
  "terminam": {
    "dist_grau_saida": [
      0.625,
      0.1875,
      0.1875
    ],
    "grau_medio_saida_raiz": 0.42857142857142855,
    "grau_de_saida_maximo": 0.42857142857142855,
    "altura_media": 2.7142857142857144,
    "altura_media_nos": 1.875,
    "media_duracao_periodo_ocupado": 2.0,
    "media_clientes_atendidos": 2.2857142857142856
  },
  "todas": {
    "dist_grau_saida": [
      0.33276898029367885,
      0.22244120295896316,
      0.14821153124203704,
      0.09889612701055633,
      0.06595305573440136,
      0.043916833139142464,
      0.029133688258487177,
      0.019612175864959863,
      0.013052349839233299,
      0.008725945780871,
      0.005740528575235509,
      0.0038389493074291138,
      0.002582381992573415,
      0.001711343535000068,
      0.0011215738602876099,
      0.0007870079498306747,
      0.0005045720765844711,
      0.00033651106109912685,
      0.00022874971552171858,
      0.0001505546597056209,
      9.220014043987637e-05,
      6.457900132075728e-05,
      5.01848865685403e-05,
      2.2952777577859516e-05,
      1.9451506421914844e-05,
      1.0892843596272314e-05,
      8.558662825642532e-06,
      6.613512183451048e-06,
      4.279331412821266e-06,
      2.3341807706297812e-06,
      1.1670903853148906e-06,
      7.780602568765938e-07,
      7.780602568765938e-07,
      3.890301284382969e-07,
      0.0,
      0.0,
      3.890301284382969e-07,
      3.890301284382969e-07
    ],
    "grau_medio_saida_raiz": 1.65,
    "grau_de_saida_maximo": 10.2,
    "altura_media": 7.9,
    "altura_media_nos": 19.562306936335737,
    "media_duracao_periodo_ocupado": 300001.4,
    "media_clientes_atendidos": 92383.7
  }
}