{
  "arquivo": "mm1_epidemy.caso2.finita.deterministico.2023-11-17_20-39-31.json",
  "num_sims": 100,
  "tx_chegada": 2,
  "tx_saida": 4,
  "max_iter": 1000000,
  "caso": "caso2",
  "terminam": {
    "dist_grau_saida": [],
    "grau_medio_saida_raiz": 0,
    "grau_de_saida_maximo": 0,
    "altura_media": 0,
    "altura_media_nos": 0,
    "media_duracao_periodo_ocupado": 0,
    "media_clientes_atendidos": 0,
    "media_infectados_por_geracao": []
  },
  "todas": {
    "dist_grau_saida": [
      0.00034158068019672806,
      0.0026709689299973193,
      0.010750831932945872,
      0.028700456702168926,
      0.05722332344882573,
      0.09164481656917485,
      0.12208365494847612,
      0.1396518612907254,
      0.13960258407784457,
      0.12400522626440248,
      0.09932878196409212,
      0.07211152137235118,
      0.048149996636190254,
      0.029572007407261045,
      0.016910883520428084,
      0.00902732941424833,
      0.004514784643780548,
      0.002106520855180431,
      0.0009617856014063845,
      0.00039189783425849436,
      0.00015655114546721239,
      6.151652062559342e-05,
      1.9918873388521144e-05,
      7.4395792173994635e-06,
      2.1598778373095218e-06,
      1.2799276072945315e-06,
      1.5999095091181643e-07,
      0.0,
      1.5999095091181643e-07
    ],
    "grau_medio_saida_raiz": 10.55,
    "grau_de_saida_maximo": 23.39,
    "altura_media": 7.05,
    "altura_media_nos": 7.56360784244703,
    "media_duracao_periodo_ocupado": 1000000.0,
    "media_clientes_atendidos": 53203.52,
    "media_infectados_por_geracao": [
      1.0,
      10.55,
      84.23,
      674.62,
      5395.89,
      43189.67,
      345429.93,
      30786.04
    ]
  }
}