{
  "arquivo": "mm1_epidemy.caso3.finita.deterministico.2023-11-17_20-39-31.json",
  "num_sims": 100,
  "tx_chegada": 1.05,
  "tx_saida": 1,
  "max_iter": 1000000,
  "caso": "caso3",
  "terminam": {
    "dist_grau_saida": [
      0.4388560157790927,
      0.3234714003944773,
      0.16173570019723865,
      0.05621301775147929,
      0.013806706114398421,
      0.004930966469428008,
      0.0009861932938856016
    ],
    "grau_medio_saida_raiz": 0.03,
    "grau_de_saida_maximo": 0.1,
    "altura_media": 2.68,
    "altura_media_nos": 31.19921104536489,
    "media_duracao_periodo_ocupado": 12.62,
    "media_clientes_atendidos": 10.14,
    "media_infectados_por_geracao": [
      1.0,
      0.03,
      0.02,
      0.03,
      0.06,
      0.07,
      0.07,
      0.15,
      0.16,
      0.11,
      0.09,
      0.08,
      0.1,
      0.09,
      0.05,
      0.04,
      0.05,
      0.05,
      0.03,
      0.03,
      0.04,
      0.04,
      0.08,
      0.11,
      0.12,
      0.09,
      0.14,
      0.19,
      0.16,
      0.24,
      0.32,
      0.34,
      0.36,
      0.43,
      0.46,
      0.38,
      0.35,
      0.27,
      0.28,
      0.37,
      0.4,
      0.39,
      0.32,
      0.23,
      0.18,
      0.17,
      0.1,
      0.16,
      0.17,
      0.16,
      0.13,
      0.09,
      0.11,
      0.07,
      0.07,
      0.07,
      0.09,
      0.11,
      0.03,
      0.01,
      0.0
    ]
  },
  "todas": {
    "dist_grau_saida": [
      0.4388560157790927,
      0.3234714003944773,
      0.16173570019723865,
      0.05621301775147929,
      0.013806706114398421,
      0.004930966469428008,
      0.0009861932938856016
    ],
    "grau_medio_saida_raiz": 0.03,
    "grau_de_saida_maximo": 0.1,
    "altura_media": 2.68,
    "altura_media_nos": 31.19921104536489,
    "media_duracao_periodo_ocupado": 12.62,
    "media_clientes_atendidos": 10.14,
    "media_infectados_por_geracao": [
      1.0,
      0.03,
      0.02,
      0.03,
      0.06,
      0.07,
      0.07,
      0.15,
      0.16,
      0.11,
      0.09,
      0.08,
      0.1,
      0.09,
      0.05,
      0.04,
      0.05,
      0.05,
      0.03,
      0.03,
      0.04,
      0.04,
      0.08,
      0.11,
      0.12,
      0.09,
      0.14,
      0.19,
      0.16,
      0.24,
      0.32,
      0.34,
      0.36,
      0.43,
      0.46,
      0.38,
      0.35,
      0.27,
      0.28,
      0.37,
      0.4,
      0.39,
      0.32,
      0.23,
      0.18,
      0.17,
      0.1,
      0.16,
      0.17,
      0.16,
      0.13,
      0.09,
      0.11,
      0.07,
      0.07,
      0.07,
      0.09,
      0.11,
      0.03,
      0.01,
      0.0
    ]
  }
}