{
  "arquivo": "mm1_epidemy.caso3.finita.2023-11-17_22-23-47.json",
  "num_sims": 100,
  "tx_chegada": 1.05,
  "tx_saida": 1,
  "max_iter": 1000000,
  "caso": "caso3",
  "terminam": {
    "dist_grau_saida": [
      0.5101123595505618,
      0.24943820224719102,
      0.12808988764044943,
      0.06741573033707865,
      0.024719101123595506,
      0.010486891385767791,
      0.0044943820224719105,
      0.00299625468164794,
      0.0022471910112359553
    ],
    "grau_medio_saida_raiz": 0.17,
    "grau_de_saida_maximo": 0.27,
    "altura_media": 2.79,
    "altura_media_nos": 26.6749063670412,
    "media_duracao_periodo_ocupado": 18.23,
    "media_clientes_atendidos": 13.35,
    "media_infectados_por_geracao": [
      1.0,
      0.17,
      0.14,
      0.22,
      0.28,
      0.35,
      0.34,
      0.32,
      0.21,
      0.21,
      0.15,
      0.09,
      0.02,
      0.03,
      0.1,
      0.11,
      0.12,
      0.21,
      0.21,
      0.2,
      0.29,
      0.2,
      0.17,
      0.24,
      0.24,
      0.18,
      0.13,
      0.2,
      0.28,
      0.25,
      0.37,
      0.32,
      0.27,
      0.29,
      0.37,
      0.39,
      0.41,
      0.45,
      0.44,
      0.5,
      0.6,
      0.4,
      0.35,
      0.37,
      0.21,
      0.19,
      0.16,
      0.05,
      0.07,
      0.1,
      0.11,
      0.15,
      0.08,
      0.03,
      0.01,
      0.0
    ]
  },
  "todas": {
    "dist_grau_saida": [
      0.5101123595505618,
      0.24943820224719102,
      0.12808988764044943,
      0.06741573033707865,
      0.024719101123595506,
      0.010486891385767791,
      0.0044943820224719105,
      0.00299625468164794,
      0.0022471910112359553
    ],
    "grau_medio_saida_raiz": 0.17,
    "grau_de_saida_maximo": 0.27,
    "altura_media": 2.79,
    "altura_media_nos": 26.6749063670412,
    "media_duracao_periodo_ocupado": 18.23,
    "media_clientes_atendidos": 13.35,
    "media_infectados_por_geracao": [
      1.0,
      0.17,
      0.14,
      0.22,
      0.28,
      0.35,
      0.34,
      0.32,
      0.21,
      0.21,
      0.15,
      0.09,
      0.02,
      0.03,
      0.1,
      0.11,
      0.12,
      0.21,
      0.21,
      0.2,
      0.29,
      0.2,
      0.17,
      0.24,
      0.24,
      0.18,
      0.13,
      0.2,
      0.28,
      0.25,
      0.37,
      0.32,
      0.27,
      0.29,
      0.37,
      0.39,
      0.41,
      0.45,
      0.44,
      0.5,
      0.6,
      0.4,
      0.35,
      0.37,
      0.21,
      0.19,
      0.16,
      0.05,
      0.07,
      0.1,
      0.11,
      0.15,
      0.08,
      0.03,
      0.01,
      0.0
    ]
  }
}