{
  "arquivo": "mm1_epidemy.caso1.infinita.deterministico.2023-11-17_20-50-53.json",
  "num_sims": 20,
  "tx_chegada": 1,
  "tx_saida": 2,
  "max_iter": 1000000,
  "caso": "caso1",
  "terminam": {
    "dist_grau_saida": [
      0.13538275129063146,
      0.2706638036185896,
      0.27051421887883453,
      0.18047029760502784,
      0.09033192197894875,
      0.03608839555287395,
      0.012012908688299347,
      0.0034394336712422692,
      0.0008558244870191538,
      0.00019346402775146805,
      3.866536384422957e-05,
      6.832984809945467e-06,
      1.2897601850097868e-06,
      1.9209194244826614e-07
    ],
    "grau_medio_saida_raiz": 0.0,
    "grau_de_saida_maximo": 12.714285714285714,
    "altura_media": 2.0,
    "altura_media_nos": 2.999999711875682,
    "media_duracao_periodo_ocupado": 11116951.142857144,
    "media_clientes_atendidos": 1.0,
    "media_infectados_por_geracao": [
      1.0,
      0.0
    ]
  },
  "todas": {
    "dist_grau_saida": [
      0.1353723142544998,
      0.27073044916744793,
      0.27059098991949543,
      0.18040378193257453,
      0.09026473915435337,
      0.03607556697995522,
      0.012023955726361953,
      0.003441211907547594,
      0.0008584797111443426,
      0.0001926027227435089,
      3.807308172104664e-05,
      6.450438164898769e-06,
      1.2397238515120757e-06,
      1.3559479625913328e-07,
      9.685342589938091e-09
    ],
    "grau_medio_saida_raiz": 1.55,
    "grau_de_saida_maximo": 12.6,
    "altura_media": 15.6,
    "altura_media_nos": 15.489466524085428,
    "media_duracao_periodo_ocupado": 11023022.9,
    "media_clientes_atendidos": 2708716.2,
    "media_infectados_por_geracao": [
      1.0,
      1.55,
      3.35,
      6.45,
      12.95,
      24.85,
      49.1,
      96.3,
      195.05,
      384.3,
      766.15,
      1538.05,
      3076.3,
      6155.15,
      12288.9,
      24604.05,
      49177.85,
      98397.25,
      196822.55,
      393730.1,
      787489.25,
      1574231.5,
      1614957.5,
      652781.55
    ]
  }
}