{
  "arquivo": "mm1_epidemy.caso3.infinita.deterministico.2023-11-17_20-56-49.json",
  "num_sims": 20,
  "tx_chegada": 1.05,
  "tx_saida": 1,
  "max_iter": 1000000,
  "caso": "caso3",
  "terminam": {
    "dist_grau_saida": [
      0.3499222884604721,
      0.3674559483164495,
      0.19292701856635594,
      0.06750459244551862,
      0.01771164699490336,
      0.0037148965235254423,
      0.0006526683984134838,
      9.640025578201201e-05,
      1.2913367596802024e-05,
      1.5133373487217652e-06,
      9.333358097843487e-08,
      2.000005306680747e-08
    ],
    "grau_medio_saida_raiz": 0.6842105263157895,
    "grau_de_saida_maximo": 9.631578947368421,
    "altura_media": 4.105263157894737,
    "altura_media_nos": 5.156095627351117,
    "media_duracao_periodo_ocupado": 11051624.263157895,
    "media_clientes_atendidos": 5.631578947368421,
    "media_infectados_por_geracao": [
      1.0,
      0.6842105263157895,
      0.6842105263157895,
      0.47368421052631576,
      0.6842105263157895,
      0.47368421052631576,
      0.2631578947368421,
      0.3684210526315789,
      0.3684210526315789,
      0.42105263157894735,
      0.05263157894736842,
      0.10526315789473684,
      0.05263157894736842,
      0.0
    ]
  },
  "todas": {
    "dist_grau_saida": [
      0.3499121295841458,
      0.36745071614086733,
      0.19292761005056283,
      0.06751595232330719,
      0.017713234454705906,
      0.0037157848063745767,
      0.0006533490720008599,
      9.648446761132044e-05,
      1.308735924309397e-05,
      1.5314994858939753e-06,
      1.0125616435662647e-07,
      1.898553081686746e-08
    ],
    "grau_medio_saida_raiz": 0.7,
    "grau_de_saida_maximo": 9.65,
    "altura_media": 14.25,
    "altura_media_nos": 14.415010677601854,
    "media_duracao_periodo_ocupado": 11060368.25,
    "media_clientes_atendidos": 395984.15,
    "media_infectados_por_geracao": [
      1.0,
      0.7,
      0.75,
      0.7,
      0.95,
      0.85,
      0.85,
      1.05,
      0.9,
      1.2,
      1.15,
      1.0,
      1.3,
      1.25,
      1.65,
      1.6,
      2.0,
      2.5,
      3.2,
      3.6,
      3.4,
      3.4,
      3.1,
      4.0,
      4.9,
      5.05,
      4.9,
      5.3,
      5.1,
      4.6,
      4.05,
      4.65,
      4.35,
      4.45,
      4.65,
      5.2,
      5.2,
      6.05,
      6.1,
      6.55,
      6.75,
      6.5,
      6.3,
      6.95,
      7.45,
      7.9,
      8.85,
      9.55,
      9.05,
      9.8,
      10.7,
      12.6,
      13.1,
      15.45,
      15.9,
      16.15,
      16.2,
      17.3,
      16.55,
      16.65,
      16.4,
      15.6,
      18.15,
      19.6,
      19.5,
      21.5,
      21.15,
      22.4,
      24.65,
      26.85,
      27.2,
      28.35,
      28.7,
      30.2,
      31.7,
      30.65,
      32.15,
      32.5,
      34.35,
      36.8,
      36.1,
      36.45,
      41.75,
      43.35,
      45.1,
      47.75,
      52.65,
      54.0,
      56.0,
      58.6,
      63.3,
      66.65,
      67.85,
      69.3,
      73.45,
      75.0,
      81.35,
      85.3,
      91.85,
      96.55,
      100.55,
      103.95,
      104.95,
      108.65,
      114.1,
      122.05,
      130.4,
      142.55,
      149.6,
      159.1,
      169.5,
      176.1,
      186.2,
      193.3,
      205.9,
      219.95,
      234.35,
      240.95,
      255.7,
      272.1,
      287.85,
      300.2,
      319.05,
      330.45,
      351.7,
      368.15,
      385.2,
      404.55,
      432.95,
      458.95,
      478.75,
      503.85,
      532.7,
      557.7,
      583.45,
      602.5,
      629.3,
      670.55,
      705.4,
      739.4,
      785.0,
      827.35,
      864.9,
      899.45,
      947.45,
      1007.8,
      1050.95,
      1098.25,
      1149.75,
      1212.85,
      1272.65,
      1330.55,
      1394.15,
      1460.4,
      1530.95,
      1621.45,
      1699.5,
      1805.1,
      1891.1,
      1973.95,
      2083.05,
      2195.55,
      2308.85,
      2414.9,
      2547.45,
      2668.75,
      2809.8,
      2924.25,
      3059.65,
      3198.1,
      3350.95,
      3513.25,
      3683.2,
      3864.0,
      4060.6,
      4276.85,
      4500.8,
      4741.35,
      5000.6,
      5274.25,
      5538.45,
      5792.65,
      6074.3,
      6404.7,
      6717.95,
      7030.35,
      7391.65,
      7797.65,
      8201.95,
      8611.75,
      9048.9,
      9516.7,
      10017.5,
      10548.6,
      11082.1,
      11643.6,
      12249.5,
      12911.55,
      13573.55,
      14283.45,
      14988.35,
      15742.7,
      16511.95,
      17357.95,
      18265.0,
      19235.35,
      20151.05
    ]
  }
}