{
  "arquivo": "mm1_epidemy.caso4.finita.deterministico.2023-11-17_20-39-31.json",
  "num_sims": 100,
  "tx_chegada": 1.1,
  "tx_saida": 1,
  "max_iter": 1000000,
  "caso": "caso4",
  "terminam": {
    "dist_grau_saida": [
      0.9051724137931034,
      0.05172413793103448,
      0.04310344827586207
    ],
    "grau_medio_saida_raiz": 0.07,
    "grau_de_saida_maximo": 0.07,
    "altura_media": 2.1,
    "altura_media_nos": 0.41379310344827586,
    "media_duracao_periodo_ocupado": 0.25,
    "media_clientes_atendidos": 1.16,
    "media_infectados_por_geracao": [
      1.0,
      0.07,
      0.04,
      0.03,
      0.02,
      0.0
    ]
  },
  "todas": {
    "dist_grau_saida": [
      0.9051724137931034,
      0.05172413793103448,
      0.04310344827586207
    ],
    "grau_medio_saida_raiz": 0.07,
    "grau_de_saida_maximo": 0.07,
    "altura_media": 2.1,
    "altura_media_nos": 0.41379310344827586,
    "media_duracao_periodo_ocupado": 0.25,
    "media_clientes_atendidos": 1.16,
    "media_infectados_por_geracao": [
      1.0,
      0.07,
      0.04,
      0.03,
      0.02,
      0.0
    ]
  }
}