{
  "arquivo": "mm1_epidemy.caso3.2023-11-16_18-38-45.json",
  "num_sims": 20,
  "tx_chegada": 1,
  "tx_saida": 1.05,
  "max_iter": 1000000,
  "caso": "caso3",
  "terminam": {
    "dist_grau_saida": [
      0.8571428571428571,
      0.07142857142857142,
      0.03571428571428571,
      0.0,
      0.03571428571428571
    ],
    "grau_medio_saida_raiz": 0.3,
    "grau_de_saida_maximo": 0.35,
    "altura_media": 2.2,
    "altura_media_nos": 0.6428571428571429,
    "media_duracao_periodo_ocupado": 0.75,
    "media_clientes_atendidos": 1.4
  },
  "todas": {
    "dist_grau_saida": [
      0.8571428571428571,
      0.07142857142857142,
      0.03571428571428571,
      0.0,
      0.03571428571428571
    ],
    "grau_medio_saida_raiz": 0.3,
    "grau_de_saida_maximo": 0.35,
    "altura_media": 2.2,
    "altura_media_nos": 0.6428571428571429,
    "media_duracao_periodo_ocupado": 0.75,
    "media_clientes_atendidos": 1.4
  }
}