{
  "arquivo": "mm1_epidemy.caso3.2023-11-16_18-29-46.json",
  "num_sims": 20,
  "tx_chegada": 1,
  "tx_saida": 1.05,
  "max_iter": 1000000,
  "caso": "caso3",
  "terminam": {
    "dist_grau_saida": [
      0.9523809523809523,
      0.047619047619047616
    ],
    "grau_medio_saida_raiz": 0.05,
    "grau_de_saida_maximo": 0.05,
    "altura_media": 2.05,
    "altura_media_nos": 0.09523809523809523,
    "media_duracao_periodo_ocupado": 0.1,
    "media_clientes_atendidos": 1.05
  },
  "todas": {
    "dist_grau_saida": [
      0.9523809523809523,
      0.047619047619047616
    ],
    "grau_medio_saida_raiz": 0.05,
    "grau_de_saida_maximo": 0.05,
    "altura_media": 2.05,
    "altura_media_nos": 0.09523809523809523,
    "media_duracao_periodo_ocupado": 0.1,
    "media_clientes_atendidos": 1.05
  }
}