{
  "arquivo": "mm1_epidemy.caso2.2023-11-16_18-29-46.json",
  "num_sims": 20,
  "tx_chegada": 4,
  "tx_saida": 2,
  "max_iter": 1000000,
  "caso": "caso2",
  "terminam": {
    "dist_grau_saida": [
      0.9166666666666666,
      0.0,
      0.08333333333333333
    ],
    "grau_medio_saida_raiz": 0.2,
    "grau_de_saida_maximo": 0.2,
    "altura_media": 2.1,
    "altura_media_nos": 0.3333333333333333,
    "media_duracao_periodo_ocupado": 0.4,
    "media_clientes_atendidos": 1.2
  },
  "todas": {
    "dist_grau_saida": [
      0.33328901236555003,
      0.22231514074239953,
      0.14818389002801552,
      0.09878280626371909,
      0.06585116085945354,
      0.04386469508340506,
      0.029230611326106683,
      0.01959803214903042,
      0.012912097524790583,
      0.008662649787375989,
      0.005725569232850701,
      0.003885782533339865,
      0.0025449566237686354,
      0.0017259517927831467,
      0.0011304179467261967,
      0.0007585883538492761,
      0.0005183220548133738,
      0.0003517685232486803,
      0.00022580366744344993,
      0.0001432267064155767,
      0.00010240476240462244,
      6.858086593840319e-05,
      4.4787504286304125e-05,
      2.9625067939378246e-05,
      2.006106962824039e-05,
      1.2596485580523034e-05,
      5.5984380357880156e-06,
      6.0649745387703495e-06,
      3.732292023858677e-06,
      1.632877760438171e-06,
      9.330730059646692e-07,
      9.330730059646692e-07,
      9.330730059646692e-07,
      2.332682514911673e-07,
      6.998047544735019e-07,
      0.0,
      0.0,
      0.0,
      0.0,
      0.0,
      0.0,
      4.665365029823346e-07,
      0.0,
      0.0,
      0.0,
      0.0,
      0.0,
      0.0,
      0.0,
      0.0,
      0.0,
      2.332682514911673e-07
    ],
    "grau_medio_saida_raiz": 1.9,
    "grau_de_saida_maximo": 17.95,
    "altura_media": 10.6,
    "altura_media_nos": 18.63817669534782,
    "media_duracao_periodo_ocupado": 500000.2,
    "media_clientes_atendidos": 156525.95
  }
}