{
  "arquivo": "mm1_epidemy.caso3.infinita.2023-11-17_20-39-04.json",
  "num_sims": 20,
  "tx_chegada": 1.05,
  "tx_saida": 1,
  "max_iter": 1000000,
  "caso": "caso3",
  "terminam": {
    "dist_grau_saida": [
      0.48782448326158906,
      0.24982505573043828,
      0.12798368261155746,
      0.06556084086132515,
      0.03355487954248845,
      0.01719537979683331,
      0.008795011186698677,
      0.004516506238323091,
      0.0023158285136340474,
      0.0011852900527661353,
      0.0006071735984064545,
      0.00030956636282234817,
      0.0001596590908943938,
      8.25757473400448e-05,
      4.0783469240723804e-05,
      2.1279831307844896e-05,
      1.134694408473415e-05,
      5.147511868226662e-06,
      2.7246461480060726e-06,
      1.4916575430539574e-06,
      5.60449365887325e-07,
      3.36269619532395e-07,
      2.1555744841820194e-07,
      6.035608555709654e-08,
      6.897838349382463e-08,
      2.5866893810184233e-08,
      8.622297936728078e-09,
      8.622297936728078e-09,
      0.0,
      8.622297936728078e-09
    ],
    "grau_medio_saida_raiz": 0.65,
    "grau_de_saida_maximo": 23.5,
    "altura_media": 3.1,
    "altura_media_nos": 4.102944565309239,
    "media_duracao_periodo_ocupado": 8917612.4,
    "media_clientes_atendidos": 3.35,
    "media_infectados_por_geracao": [
      1.0,
      0.65,
      0.5,
      0.55,
      0.35,
      0.3,
      0.0
    ]
  },
  "todas": {
    "dist_grau_saida": [
      0.48782448326158906,
      0.24982505573043828,
      0.12798368261155746,
      0.06556084086132515,
      0.03355487954248845,
      0.01719537979683331,
      0.008795011186698677,
      0.004516506238323091,
      0.0023158285136340474,
      0.0011852900527661353,
      0.0006071735984064545,
      0.00030956636282234817,
      0.0001596590908943938,
      8.25757473400448e-05,
      4.0783469240723804e-05,
      2.1279831307844896e-05,
      1.134694408473415e-05,
      5.147511868226662e-06,
      2.7246461480060726e-06,
      1.4916575430539574e-06,
      5.60449365887325e-07,
      3.36269619532395e-07,
      2.1555744841820194e-07,
      6.035608555709654e-08,
      6.897838349382463e-08,
      2.5866893810184233e-08,
      8.622297936728078e-09,
      8.622297936728078e-09,
      0.0,
      8.622297936728078e-09
    ],
    "grau_medio_saida_raiz": 0.65,
    "grau_de_saida_maximo": 23.5,
    "altura_media": 3.1,
    "altura_media_nos": 4.102944565309239,
    "media_duracao_periodo_ocupado": 8917612.4,
    "media_clientes_atendidos": 3.35,
    "media_infectados_por_geracao": [
      1.0,
      0.65,
      0.5,
      0.55,
      0.35,
      0.3,
      0.0
    ]
  }
}