{
  "arquivo": "mm1_epidemy.caso4.2023-11-16_18-29-46.json",
  "num_sims": 20,
  "tx_chegada": 1,
  "tx_saida": 1.1,
  "max_iter": 1000000,
  "caso": "caso4",
  "terminam": {
    "dist_grau_saida": [
      0.6,
      0.18333333333333332,
      0.11666666666666667,
      0.05,
      0.025,
      0.0,
      0.016666666666666666,
      0.0,
      0.008333333333333333
    ],
    "grau_medio_saida_raiz": 0.1,
    "grau_de_saida_maximo": 0.4,
    "altura_media": 2.9,
    "altura_media_nos": 8.316666666666666,
    "media_duracao_periodo_ocupado": 7.65,
    "media_clientes_atendidos": 6.0
  },
  "todas": {
    "dist_grau_saida": [
      0.6,
      0.18333333333333332,
      0.11666666666666667,
      0.05,
      0.025,
      0.0,
      0.016666666666666666,
      0.0,
      0.008333333333333333
    ],
    "grau_medio_saida_raiz": 0.1,
    "grau_de_saida_maximo": 0.4,
    "altura_media": 2.9,
    "altura_media_nos": 8.316666666666666,
    "media_duracao_periodo_ocupado": 7.65,
    "media_clientes_atendidos": 6.0
  }
}