{
  "arquivo": "mm1_epidemy.caso4.finita.2023-11-17_20-39-31.json",
  "num_sims": 100,
  "tx_chegada": 1.1,
  "tx_saida": 1,
  "max_iter": 1000000,
  "caso": "caso4",
  "terminam": {
    "dist_grau_saida": [
      0.9098360655737705,
      0.06557377049180328,
      0.00819672131147541,
      0.0,
      0.00819672131147541,
      0.0,
      0.0,
      0.0,
      0.00819672131147541
    ],
    "grau_medio_saida_raiz": 0.11,
    "grau_de_saida_maximo": 0.11,
    "altura_media": 2.06,
    "altura_media_nos": 0.5,
    "media_duracao_periodo_ocupado": 0.37,
    "media_clientes_atendidos": 1.22,
    "media_infectados_por_geracao": [
      1.0,
      0.11,
      0.05,
      0.06,
      0.0
    ]
  },
  "todas": {
    "dist_grau_saida": [
      0.9098360655737705,
      0.06557377049180328,
      0.00819672131147541,
      0.0,
      0.00819672131147541,
      0.0,
      0.0,
      0.0,
      0.00819672131147541
    ],
    "grau_medio_saida_raiz": 0.11,
    "grau_de_saida_maximo": 0.11,
    "altura_media": 2.06,
    "altura_media_nos": 0.5,
    "media_duracao_periodo_ocupado": 0.37,
    "media_clientes_atendidos": 1.22,
    "media_infectados_por_geracao": [
      1.0,
      0.11,
      0.05,
      0.06,
      0.0
    ]
  }
}