{
  "arquivo": "mm1_epidemy.caso1.finita.deterministico.2023-11-17_20-39-31.json",
  "num_sims": 100,
  "tx_chegada": 1,
  "tx_saida": 2,
  "max_iter": 1000000,
  "caso": "caso1",
  "terminam": {
    "dist_grau_saida": [
      0.9666666666666667,
      0.016666666666666666,
      0.016666666666666666
    ],
    "grau_medio_saida_raiz": 0.05263157894736842,
    "grau_de_saida_maximo": 0.05263157894736842,
    "altura_media": 2.0350877192982457,
    "altura_media_nos": 0.1,
    "media_duracao_periodo_ocupado": 0.10526315789473684,
    "media_clientes_atendidos": 1.0526315789473684,
    "media_infectados_por_geracao": [
      1.0,
      0.05263157894736842,
      0.0
    ]
  },
  "todas": {
    "dist_grau_saida": [
      0.13525511047265515,
      0.27068715477295263,
      0.2707311026925326,
      0.18047434156581324,
      0.09020978402850169,
      0.036114612598840606,
      0.012008309682565915,
      0.0034184529219953726,
      0.0008630676184180417,
      0.00019178176883374436,
      3.8237172967887924e-05,
      6.753578602120465e-06,
      1.1421493224174316e-06,
      9.931733238412448e-08,
      4.965866619206224e-08
    ],
    "grau_medio_saida_raiz": 1.04,
    "grau_de_saida_maximo": 5.01,
    "altura_media": 9.7,
    "altura_media_nos": 19.447439664826593,
    "media_duracao_periodo_ocupado": 430000.06,
    "media_clientes_atendidos": 142301.06,
    "media_infectados_por_geracao": [
      1.0,
      1.04,
      2.06,
      4.07,
      7.96,
      15.68,
      31.66,
      62.5,
      123.67,
      246.14,
      493.37,
      989.46,
      1977.24,
      3959.26,
      7911.48,
      15843.11,
      31715.96,
      58590.05,
      47577.59,
      41097.63,
      41111.19,
      25329.62,
      4947.77,
      2576.95
    ]
  }
}