{
  "arquivo": "mm1_epidemy.caso1.infinita.2023-11-17_20-38-34.json",
  "num_sims": 20,
  "tx_chegada": 1,
  "tx_saida": 2,
  "max_iter": 1000000,
  "caso": "caso1",
  "terminam": {
    "dist_grau_saida": [
      0.6665843731112504,
      0.22224782580304608,
      0.07410663068349177,
      0.024703295234139323,
      0.008237592601356106,
      0.002743711308249695,
      0.0009171898595978082,
      0.0003071980287964912,
      0.00010053963783889008,
      3.477798328054071e-05,
      1.1004146823490269e-05,
      4.038277918305355e-06,
      1.25193035623139e-06,
      4.2373027441677815e-07,
      9.63023350947223e-08,
      3.852093403788892e-08,
      6.420155672981487e-09,
      0.0,
      6.420155672981487e-09
    ],
    "grau_medio_saida_raiz": 0.4,
    "grau_de_saida_maximo": 14.1,
    "altura_media": 2.4,
    "altura_media_nos": 3.4048984131825755,
    "media_duracao_periodo_ocupado": 9086791.3,
    "media_clientes_atendidos": 1.65,
    "media_infectados_por_geracao": [
      1.0,
      0.4,
      0.1,
      0.15,
      0.0
    ]
  },
  "todas": {
    "dist_grau_saida": [
      0.6665843731112504,
      0.22224782580304608,
      0.07410663068349177,
      0.024703295234139323,
      0.008237592601356106,
      0.002743711308249695,
      0.0009171898595978082,
      0.0003071980287964912,
      0.00010053963783889008,
      3.477798328054071e-05,
      1.1004146823490269e-05,
      4.038277918305355e-06,
      1.25193035623139e-06,
      4.2373027441677815e-07,
      9.63023350947223e-08,
      3.852093403788892e-08,
      6.420155672981487e-09,
      0.0,
      6.420155672981487e-09
    ],
    "grau_medio_saida_raiz": 0.4,
    "grau_de_saida_maximo": 14.1,
    "altura_media": 2.4,
    "altura_media_nos": 3.4048984131825755,
    "media_duracao_periodo_ocupado": 9086791.3,
    "media_clientes_atendidos": 1.65,
    "media_infectados_por_geracao": [
      1.0,
      0.4,
      0.1,
      0.15,
      0.0
    ]
  }
}