{
  "arquivo": "mm1_epidemy.caso2.infinita.deterministico.2023-11-17_20-51-03.json",
  "num_sims": 20,
  "tx_chegada": 2,
  "tx_saida": 4,
  "max_iter": 1000000,
  "caso": "caso2",
  "terminam": {
    "dist_grau_saida": [],
    "grau_medio_saida_raiz": 0,
    "grau_de_saida_maximo": 0,
    "altura_media": 0,
    "altura_media_nos": 0,
    "media_duracao_periodo_ocupado": 0,
    "media_clientes_atendidos": 0,
    "media_infectados_por_geracao": []
  },
  "todas": {
    "dist_grau_saida": [
      0.0003389494749973656,
      0.002689724800237499,
      0.01074461332242527,
      0.028628526409589336,
      0.05730150911258776,
      0.09156261728451164,
      0.12204340988682115,
      0.1396112309046274,
      0.13951296446877517,
      0.12414996471728144,
      0.09927256986832025,
      0.07221695269829972,
      0.04814596167806283,
      0.029625476646636277,
      0.016915126439208724,
      0.009030716067416013,
      0.004495119705797978,
      0.002123085632753193,
      0.0009430380526143464,
      0.00039548073715949526,
      0.00016078416139614121,
      5.717752809539103e-05,
      2.3265573597410744e-05,
      7.4490652307499315e-06,
      2.721119718995409e-06,
      1.0884478875981634e-06,
      3.401399648744261e-07,
      6.802799297488521e-08,
      0.0,
      3.401399648744261e-08,
      3.401399648744261e-08
    ],
    "grau_medio_saida_raiz": 12.85,
    "grau_de_saida_maximo": 25.95,
    "altura_media": 8.0,
    "altura_media_nos": 8.618260146687819,
    "media_duracao_periodo_ocupado": 11760444.4,
    "media_clientes_atendidos": 491034.55,
    "media_infectados_por_geracao": [
      1.0,
      12.85,
      104.95,
      841.55,
      6716.75,
      53706.15,
      429651.3,
      3437016.05
    ]
  }
}