{
  "arquivo": "mm1_epidemy.caso4.infinita.2023-11-17_20-39-33.json",
  "num_sims": 20,
  "tx_chegada": 1.1,
  "tx_saida": 1,
  "max_iter": 1000000,
  "caso": "caso4",
  "terminam": {
    "dist_grau_saida": [
      0.4761267302029682,
      0.24947636201073486,
      0.13065850098390971,
      0.06842920378426043,
      0.035862050038326244,
      0.01877754026351755,
      0.009845562402916272,
      0.005150096701081133,
      0.0026985995088435054,
      0.0014157914710956245,
      0.0007420335843396025,
      0.0003909386886471498,
      0.00020424951146404764,
      0.00010451426541004107,
      5.6360754588710977e-05,
      2.9857226191209703e-05,
      1.487737604597875e-05,
      8.197927940176143e-06,
      4.248017205364001e-06,
      2.282377665162676e-06,
      1.0899517829552371e-06,
      5.030546690562633e-07,
      1.676848896854211e-07,
      1.3042158086643864e-07,
      6.521079043321932e-08,
      2.794748161423685e-08,
      9.315827204745616e-09,
      0.0,
      9.315827204745616e-09
    ],
    "grau_medio_saida_raiz": 1.368421052631579,
    "grau_de_saida_maximo": 23.57894736842105,
    "altura_media": 4.473684210526316,
    "altura_media_nos": 5.490852753617784,
    "media_duracao_periodo_ocupado": 8905642.105263159,
    "media_clientes_atendidos": 11.263157894736842,
    "media_infectados_por_geracao": [
      1.0,
      1.368421052631579,
      1.631578947368421,
      1.0,
      1.263157894736842,
      0.7894736842105263,
      0.7894736842105263,
      0.5789473684210527,
      0.8421052631578947,
      0.47368421052631576,
      0.5789473684210527,
      0.5263157894736842,
      0.21052631578947367,
      0.15789473684210525,
      0.05263157894736842,
      0.0
    ]
  },
  "todas": {
    "dist_grau_saida": [
      0.4761403106698259,
      0.24945990073713908,
      0.1306527311910881,
      0.06843862473213162,
      0.03586031442335216,
      0.018776126831038454,
      0.00984702790818852,
      0.005151190261870628,
      0.0026979044171561582,
      0.0014151758430452353,
      0.0007428368396417873,
      0.00039111595504945633,
      0.00020387235968912705,
      0.00010472677438938568,
      5.673914541291871e-05,
      2.9689806518012873e-05,
      1.4933213212956504e-05,
      8.239318703541348e-06,
      4.238877789603265e-06,
      2.287227807306762e-06,
      1.0862124335858368e-06,
      5.298597237004082e-07,
      1.6778891250512926e-07,
      1.2363393553009525e-07,
      6.181696776504763e-08,
      2.649298618502041e-08,
      8.830995395006804e-09,
      0.0,
      8.830995395006804e-09
    ],
    "grau_medio_saida_raiz": 1.45,
    "grau_de_saida_maximo": 23.5,
    "altura_media": 10.25,
    "altura_media_nos": 10.943547747927,
    "media_duracao_periodo_ocupado": 8924944.85,
    "media_clientes_atendidos": 289610.55,
    "media_infectados_por_geracao": [
      1.0,
      1.45,
      1.6,
      1.15,
      1.45,
      0.95,
      0.9,
      0.75,
      1.25,
      1.05,
      1.05,
      0.95,
      0.7,
      0.8,
      0.6,
      0.95,
      0.9,
      1.25,
      1.6,
      1.4,
      2.35,
      1.8,
      1.45,
      1.55,
      1.6,
      2.8,
      2.85,
      3.65,
      3.55,
      3.35,
      3.7,
      3.55,
      4.65,
      4.65,
      5.95,
      6.75,
      7.35,
      8.1,
      7.55,
      8.6,
      8.9,
      10.75,
      12.8,
      14.1,
      14.65,
      18.05,
      22.6,
      25.95,
      30.35,
      34.7,
      36.95,
      41.1,
      44.7,
      49.9,
      57.95,
      64.5,
      69.5,
      79.95,
      87.6,
      90.55,
      100.95,
      114.5,
      124.65,
      132.15,
      146.35,
      163.55,
      183.6,
      207.7,
      223.45,
      248.7,
      274.7,
      307.65,
      338.3,
      368.35,
      413.45,
      457.3,
      499.4,
      547.0,
      600.8,
      640.05,
      705.7,
      779.15,
      861.9,
      935.15,
      1022.75,
      1113.75,
      1238.8,
      1354.0,
      1485.65,
      1638.8,
      1808.8,
      1986.65,
      2182.7,
      2394.05,
      2623.5,
      2905.75,
      3182.2,
      3491.45,
      3831.0,
      4259.2,
      4668.55,
      5160.4,
      5687.85,
      6294.45,
      6951.55,
      7585.0,
      8343.6,
      9225.15,
      10150.25,
      11134.2,
      12304.75,
      13579.75,
      14930.15,
      16368.7,
      18047.4,
      19889.9,
      21912.2,
      24147.7,
      26412.35,
      29042.9
    ]
  }
}