{
  "arquivo": "mm1_epidemy.caso4.infinita.deterministico.2023-11-17_20-57-01.json",
  "num_sims": 20,
  "tx_chegada": 1.1,
  "tx_saida": 1,
  "max_iter": 1000000,
  "caso": "caso4",
  "terminam": {
    "dist_grau_saida": [
      0.3329004712097052,
      0.36611470099688614,
      0.20137789098474068,
      0.07383148066652219,
      0.020330835577398537,
      0.004475400440851043,
      0.0008184219420238679,
      0.0001301456382188358,
      1.8114242198898246e-05,
      2.2859135258959968e-06,
      2.3796576137087661e-07,
      1.4422167355810704e-08
    ],
    "grau_medio_saida_raiz": 0.7777777777777778,
    "grau_de_saida_maximo": 10.0,
    "altura_media": 5.555555555555555,
    "altura_media_nos": 6.567997073810148,
    "media_duracao_periodo_ocupado": 11039760.055555556,
    "media_clientes_atendidos": 11.11111111111111,
    "media_infectados_por_geracao": [
      1.0,
      0.7777777777777778,
      0.6666666666666666,
      0.7222222222222222,
      0.5555555555555556,
      0.7222222222222222,
      0.6111111111111112,
      0.8333333333333334,
      0.8888888888888888,
      1.0,
      1.1666666666666667,
      0.8888888888888888,
      0.3888888888888889,
      0.16666666666666666,
      0.2222222222222222,
      0.1111111111111111,
      0.16666666666666666,
      0.16666666666666666,
      0.05555555555555555,
      0.0
    ]
  },
  "todas": {
    "dist_grau_saida": [
      0.3328937926304135,
      0.36614316688770826,
      0.20136731401608063,
      0.07382754383759142,
      0.020328305575272158,
      0.004472398506586429,
      0.0008171435830253431,
      0.0001300076526537301,
      1.7888813707318135e-05,
      2.1783906186665123e-06,
      2.471010254009775e-07,
      1.3005317126367237e-08
    ],
    "grau_medio_saida_raiz": 0.95,
    "grau_de_saida_maximo": 9.95,
    "altura_media": 17.8,
    "altura_media_nos": 17.532468565739748,
    "media_duracao_periodo_ocupado": 11017861.05,
    "media_clientes_atendidos": 743031.45,
    "media_infectados_por_geracao": [
      1.0,
      0.95,
      0.95,
      1.1,
      0.9,
      1.15,
      1.5,
      1.85,
      2.0,
      2.3,
      2.5,
      1.85,
      1.5,
      1.4,
      1.5,
      1.65,
      2.1,
      2.75,
      2.15,
      2.15,
      2.9,
      3.2,
      4.2,
      4.7,
      5.1,
      5.0,
      6.1,
      6.05,
      6.0,
      7.8,
      8.1,
      8.95,
      9.35,
      10.2,
      11.2,
      11.55,
      13.45,
      14.55,
      15.55,
      16.9,
      20.6,
      20.25,
      24.2,
      25.15,
      28.5,
      31.45,
      33.25,
      36.6,
      42.4,
      46.15,
      52.15,
      59.05,
      63.15,
      69.45,
      75.05,
      83.15,
      95.4,
      102.1,
      111.95,
      122.6,
      136.15,
      151.45,
      166.2,
      180.0,
      198.55,
      217.2,
      236.3,
      260.05,
      285.5,
      313.95,
      346.35,
      385.55,
      427.2,
      465.4,
      515.85,
      571.05,
      619.1,
      678.7,
      734.65,
      805.6,
      885.2,
      973.3,
      1072.1,
      1168.0,
      1270.45,
      1382.35,
      1526.15,
      1678.7,
      1844.3,
      2024.95,
      2228.65,
      2442.25,
      2673.35,
      2948.7,
      3251.65,
      3587.75,
      3925.8,
      4312.2,
      4757.8,
      5231.3,
      5761.3,
      6297.7,
      6939.5,
      7614.55,
      8361.65,
      9218.3,
      10149.25,
      11175.75,
      12278.1,
      13521.75,
      14820.0,
      16256.95,
      17881.45,
      19706.15,
      21708.05,
      23775.3,
      26097.45,
      28679.05,
      31494.95,
      34667.45,
      38063.15,
      41880.15,
      46094.95,
      50732.35,
      55781.55,
      61426.0,
      29794.7,
      32807.15,
      36136.15,
      39708.15
    ]
  }
}