{
  "arquivo": "mm1_epidemy.caso1.finita.2023-11-17_22-23-47.json",
  "num_sims": 100,
  "tx_chegada": 1,
  "tx_saida": 2,
  "max_iter": 1000000,
  "caso": "caso1",
  "terminam": {
    "dist_grau_saida": [
      0.9532710280373832,
      0.028037383177570093,
      0.018691588785046728
    ],
    "grau_medio_saida_raiz": 0.02,
    "grau_de_saida_maximo": 0.02,
    "altura_media": 2.04,
    "altura_media_nos": 0.21495327102803738,
    "media_duracao_periodo_ocupado": 0.1,
    "media_clientes_atendidos": 1.07,
    "media_infectados_por_geracao": [
      1.0,
      0.02,
      0.02,
      0.02,
      0.01,
      0.0
    ]
  },
  "todas": {
    "dist_grau_saida": [
      0.9532710280373832,
      0.028037383177570093,
      0.018691588785046728
    ],
    "grau_medio_saida_raiz": 0.02,
    "grau_de_saida_maximo": 0.02,
    "altura_media": 2.04,
    "altura_media_nos": 0.21495327102803738,
    "media_duracao_periodo_ocupado": 0.1,
    "media_clientes_atendidos": 1.07,
    "media_infectados_por_geracao": [
      1.0,
      0.02,
      0.02,
      0.02,
      0.01,
      0.0
    ]
  }
}